"0148d741-9a1a-460c-979a-9371af00110a","c004f0f1-f52f-4060-91bb-8a3c9eb9cb93","cbff6eb2-634b-434c-822c-3057f5896a6b",2,"2021-08-30",400
"2569f3a6-5da5-4baf-aed1-df01b5f58d1d","63f1ae58-39c8-4a4e-bd04-505bc9665d9d","cbff6eb2-634b-434c-822c-3057f5896a6b",2,"2021-08-28",401
"3661ddb8-1a58-4d21-b492-20be99508944","f54f42ff-0ae9-40fe-b876-3490699e32f0","cbff6eb2-634b-434c-822c-3057f5896a6b",4,"2021-08-29",399
"3790e914-ecd1-4e80-8d4d-9eb1821f8916","47f7dd4d-4053-4789-b5e2-645c79b57ab5","cbff6eb2-634b-434c-822c-3057f5896a6b",3,"2021-08-30",401
"66653ce7-221a-40fc-b587-65fed7455a97","c004f0f1-f52f-4060-91bb-8a3c9eb9cb93","cbff6eb2-634b-434c-822c-3057f5896a6b",4,"2021-08-28",400
"c4ae427b-32c5-4530-8852-149b4ee38b00","63f1ae58-39c8-4a4e-bd04-505bc9665d9d","cbff6eb2-634b-434c-822c-3057f5896a6b",1,"2021-08-28",401
"c63b803b-7a05-47ef-a8d1-059d3fa0fe45","47f7dd4d-4053-4789-b5e2-645c79b57ab5","cbff6eb2-634b-434c-822c-3057f5896a6b",2,"2021-08-29",404
"d60dd203-9064-4a48-a7c4-48e9e8de73c5","c004f0f1-f52f-4060-91bb-8a3c9eb9cb93","cbff6eb2-634b-434c-822c-3057f5896a6b",1,"2021-08-30",400
"f6fadb92-c4d3-4741-b348-d0d3fa3ace42","907b7826-e000-4af2-bfdc-b31d1f63ae3c","cbff6eb2-634b-434c-822c-3057f5896a6b",3,"2021-08-28",394
"f83c4860-da33-42e1-ba7a-de468f60f6a6","907b7826-e000-4af2-bfdc-b31d1f63ae3c","cbff6eb2-634b-434c-822c-3057f5896a6b",3,"2021-08-29",400
"fe30220a-eafa-4666-983e-46f85c21f132","47f7dd4d-4053-4789-b5e2-645c79b57ab5","cbff6eb2-634b-434c-822c-3057f5896a6b",1,"2021-08-29",404
