"04cf5f88-1965-429f-b833-317509ae4bca","0148d741-9a1a-460c-979a-9371af00110a"
"04cf5f88-1965-429f-b833-317509ae4bca","2569f3a6-5da5-4baf-aed1-df01b5f58d1d"
"04cf5f88-1965-429f-b833-317509ae4bca","3661ddb8-1a58-4d21-b492-20be99508944"
"04cf5f88-1965-429f-b833-317509ae4bca","66653ce7-221a-40fc-b587-65fed7455a97"
"04cf5f88-1965-429f-b833-317509ae4bca","c4ae427b-32c5-4530-8852-149b4ee38b00"
"04cf5f88-1965-429f-b833-317509ae4bca","c63b803b-7a05-47ef-a8d1-059d3fa0fe45"
"04cf5f88-1965-429f-b833-317509ae4bca","d60dd203-9064-4a48-a7c4-48e9e8de73c5"
"04cf5f88-1965-429f-b833-317509ae4bca","f6fadb92-c4d3-4741-b348-d0d3fa3ace42"
"04cf5f88-1965-429f-b833-317509ae4bca","f83c4860-da33-42e1-ba7a-de468f60f6a6"
"04cf5f88-1965-429f-b833-317509ae4bca","fe30220a-eafa-4666-983e-46f85c21f132"
"0cccf287-cc99-4833-b60c-00a7650dcda2","0148d741-9a1a-460c-979a-9371af00110a"
"0cccf287-cc99-4833-b60c-00a7650dcda2","2569f3a6-5da5-4baf-aed1-df01b5f58d1d"
"0cccf287-cc99-4833-b60c-00a7650dcda2","3661ddb8-1a58-4d21-b492-20be99508944"
"0cccf287-cc99-4833-b60c-00a7650dcda2","3790e914-ecd1-4e80-8d4d-9eb1821f8916"
"0cccf287-cc99-4833-b60c-00a7650dcda2","66653ce7-221a-40fc-b587-65fed7455a97"
"0cccf287-cc99-4833-b60c-00a7650dcda2","c4ae427b-32c5-4530-8852-149b4ee38b00"
"0cccf287-cc99-4833-b60c-00a7650dcda2","c63b803b-7a05-47ef-a8d1-059d3fa0fe45"
"0cccf287-cc99-4833-b60c-00a7650dcda2","d60dd203-9064-4a48-a7c4-48e9e8de73c5"
"0cccf287-cc99-4833-b60c-00a7650dcda2","f6fadb92-c4d3-4741-b348-d0d3fa3ace42"
"0cccf287-cc99-4833-b60c-00a7650dcda2","f83c4860-da33-42e1-ba7a-de468f60f6a6"
"0cccf287-cc99-4833-b60c-00a7650dcda2","fe30220a-eafa-4666-983e-46f85c21f132"
"3fc93749-5598-40ce-b801-abd65a90c5b3","0148d741-9a1a-460c-979a-9371af00110a"
"3fc93749-5598-40ce-b801-abd65a90c5b3","2569f3a6-5da5-4baf-aed1-df01b5f58d1d"
"3fc93749-5598-40ce-b801-abd65a90c5b3","3661ddb8-1a58-4d21-b492-20be99508944"
"3fc93749-5598-40ce-b801-abd65a90c5b3","3790e914-ecd1-4e80-8d4d-9eb1821f8916"
"3fc93749-5598-40ce-b801-abd65a90c5b3","66653ce7-221a-40fc-b587-65fed7455a97"
"3fc93749-5598-40ce-b801-abd65a90c5b3","c4ae427b-32c5-4530-8852-149b4ee38b00"
"3fc93749-5598-40ce-b801-abd65a90c5b3","c63b803b-7a05-47ef-a8d1-059d3fa0fe45"
"3fc93749-5598-40ce-b801-abd65a90c5b3","d60dd203-9064-4a48-a7c4-48e9e8de73c5"
"3fc93749-5598-40ce-b801-abd65a90c5b3","f6fadb92-c4d3-4741-b348-d0d3fa3ace42"
"3fc93749-5598-40ce-b801-abd65a90c5b3","f83c4860-da33-42e1-ba7a-de468f60f6a6"
"3fc93749-5598-40ce-b801-abd65a90c5b3","fe30220a-eafa-4666-983e-46f85c21f132"
"46336d3c-b448-425e-a3f5-9d5281f08f39","0148d741-9a1a-460c-979a-9371af00110a"
"46336d3c-b448-425e-a3f5-9d5281f08f39","2569f3a6-5da5-4baf-aed1-df01b5f58d1d"
"46336d3c-b448-425e-a3f5-9d5281f08f39","3661ddb8-1a58-4d21-b492-20be99508944"
"46336d3c-b448-425e-a3f5-9d5281f08f39","3790e914-ecd1-4e80-8d4d-9eb1821f8916"
"46336d3c-b448-425e-a3f5-9d5281f08f39","66653ce7-221a-40fc-b587-65fed7455a97"
"46336d3c-b448-425e-a3f5-9d5281f08f39","c4ae427b-32c5-4530-8852-149b4ee38b00"
"46336d3c-b448-425e-a3f5-9d5281f08f39","c63b803b-7a05-47ef-a8d1-059d3fa0fe45"
"46336d3c-b448-425e-a3f5-9d5281f08f39","d60dd203-9064-4a48-a7c4-48e9e8de73c5"
"46336d3c-b448-425e-a3f5-9d5281f08f39","f6fadb92-c4d3-4741-b348-d0d3fa3ace42"
"46336d3c-b448-425e-a3f5-9d5281f08f39","f83c4860-da33-42e1-ba7a-de468f60f6a6"
"46336d3c-b448-425e-a3f5-9d5281f08f39","fe30220a-eafa-4666-983e-46f85c21f132"
"646f1b49-a997-471c-be3b-ba7378801d49","2569f3a6-5da5-4baf-aed1-df01b5f58d1d"
"646f1b49-a997-471c-be3b-ba7378801d49","3661ddb8-1a58-4d21-b492-20be99508944"
"646f1b49-a997-471c-be3b-ba7378801d49","3790e914-ecd1-4e80-8d4d-9eb1821f8916"
"646f1b49-a997-471c-be3b-ba7378801d49","66653ce7-221a-40fc-b587-65fed7455a97"
"646f1b49-a997-471c-be3b-ba7378801d49","c4ae427b-32c5-4530-8852-149b4ee38b00"
"646f1b49-a997-471c-be3b-ba7378801d49","c63b803b-7a05-47ef-a8d1-059d3fa0fe45"
"646f1b49-a997-471c-be3b-ba7378801d49","d60dd203-9064-4a48-a7c4-48e9e8de73c5"
"646f1b49-a997-471c-be3b-ba7378801d49","f6fadb92-c4d3-4741-b348-d0d3fa3ace42"
"646f1b49-a997-471c-be3b-ba7378801d49","f83c4860-da33-42e1-ba7a-de468f60f6a6"
"646f1b49-a997-471c-be3b-ba7378801d49","fe30220a-eafa-4666-983e-46f85c21f132"
"83a5efcc-5daf-4b1c-96e3-278007509f10","0148d741-9a1a-460c-979a-9371af00110a"
"83a5efcc-5daf-4b1c-96e3-278007509f10","2569f3a6-5da5-4baf-aed1-df01b5f58d1d"
"83a5efcc-5daf-4b1c-96e3-278007509f10","3661ddb8-1a58-4d21-b492-20be99508944"
"83a5efcc-5daf-4b1c-96e3-278007509f10","66653ce7-221a-40fc-b587-65fed7455a97"
"83a5efcc-5daf-4b1c-96e3-278007509f10","c4ae427b-32c5-4530-8852-149b4ee38b00"
"83a5efcc-5daf-4b1c-96e3-278007509f10","c63b803b-7a05-47ef-a8d1-059d3fa0fe45"
"83a5efcc-5daf-4b1c-96e3-278007509f10","d60dd203-9064-4a48-a7c4-48e9e8de73c5"
"83a5efcc-5daf-4b1c-96e3-278007509f10","f6fadb92-c4d3-4741-b348-d0d3fa3ace42"
"83a5efcc-5daf-4b1c-96e3-278007509f10","f83c4860-da33-42e1-ba7a-de468f60f6a6"
"83a5efcc-5daf-4b1c-96e3-278007509f10","fe30220a-eafa-4666-983e-46f85c21f132"
"97ca7127-bfa2-473e-a03e-f4a1565ee2fc","0148d741-9a1a-460c-979a-9371af00110a"
"97ca7127-bfa2-473e-a03e-f4a1565ee2fc","2569f3a6-5da5-4baf-aed1-df01b5f58d1d"
"97ca7127-bfa2-473e-a03e-f4a1565ee2fc","3661ddb8-1a58-4d21-b492-20be99508944"
"97ca7127-bfa2-473e-a03e-f4a1565ee2fc","3790e914-ecd1-4e80-8d4d-9eb1821f8916"
"97ca7127-bfa2-473e-a03e-f4a1565ee2fc","c4ae427b-32c5-4530-8852-149b4ee38b00"
"97ca7127-bfa2-473e-a03e-f4a1565ee2fc","c63b803b-7a05-47ef-a8d1-059d3fa0fe45"
"97ca7127-bfa2-473e-a03e-f4a1565ee2fc","d60dd203-9064-4a48-a7c4-48e9e8de73c5"
"97ca7127-bfa2-473e-a03e-f4a1565ee2fc","f83c4860-da33-42e1-ba7a-de468f60f6a6"
"97ca7127-bfa2-473e-a03e-f4a1565ee2fc","fe30220a-eafa-4666-983e-46f85c21f132"
"b845f1d1-cfa5-47a3-acb8-c18edfdec9ba","0148d741-9a1a-460c-979a-9371af00110a"
"b845f1d1-cfa5-47a3-acb8-c18edfdec9ba","2569f3a6-5da5-4baf-aed1-df01b5f58d1d"
"b845f1d1-cfa5-47a3-acb8-c18edfdec9ba","3661ddb8-1a58-4d21-b492-20be99508944"
"b845f1d1-cfa5-47a3-acb8-c18edfdec9ba","3790e914-ecd1-4e80-8d4d-9eb1821f8916"
"b845f1d1-cfa5-47a3-acb8-c18edfdec9ba","66653ce7-221a-40fc-b587-65fed7455a97"
"b845f1d1-cfa5-47a3-acb8-c18edfdec9ba","c4ae427b-32c5-4530-8852-149b4ee38b00"
"b845f1d1-cfa5-47a3-acb8-c18edfdec9ba","c63b803b-7a05-47ef-a8d1-059d3fa0fe45"
"b845f1d1-cfa5-47a3-acb8-c18edfdec9ba","d60dd203-9064-4a48-a7c4-48e9e8de73c5"
"b845f1d1-cfa5-47a3-acb8-c18edfdec9ba","f6fadb92-c4d3-4741-b348-d0d3fa3ace42"
"b845f1d1-cfa5-47a3-acb8-c18edfdec9ba","f83c4860-da33-42e1-ba7a-de468f60f6a6"
"b845f1d1-cfa5-47a3-acb8-c18edfdec9ba","fe30220a-eafa-4666-983e-46f85c21f132"
"babe029a-0f68-48d6-a8ac-ed9a6cccf113","0148d741-9a1a-460c-979a-9371af00110a"
"babe029a-0f68-48d6-a8ac-ed9a6cccf113","2569f3a6-5da5-4baf-aed1-df01b5f58d1d"
"babe029a-0f68-48d6-a8ac-ed9a6cccf113","3661ddb8-1a58-4d21-b492-20be99508944"
"babe029a-0f68-48d6-a8ac-ed9a6cccf113","3790e914-ecd1-4e80-8d4d-9eb1821f8916"
"babe029a-0f68-48d6-a8ac-ed9a6cccf113","66653ce7-221a-40fc-b587-65fed7455a97"
"babe029a-0f68-48d6-a8ac-ed9a6cccf113","c4ae427b-32c5-4530-8852-149b4ee38b00"
"babe029a-0f68-48d6-a8ac-ed9a6cccf113","c63b803b-7a05-47ef-a8d1-059d3fa0fe45"
"babe029a-0f68-48d6-a8ac-ed9a6cccf113","d60dd203-9064-4a48-a7c4-48e9e8de73c5"
"babe029a-0f68-48d6-a8ac-ed9a6cccf113","f6fadb92-c4d3-4741-b348-d0d3fa3ace42"
"babe029a-0f68-48d6-a8ac-ed9a6cccf113","f83c4860-da33-42e1-ba7a-de468f60f6a6"
"babe029a-0f68-48d6-a8ac-ed9a6cccf113","fe30220a-eafa-4666-983e-46f85c21f132"
"d79b0909-4af8-4cd4-81c4-e993c9b2fc1d","0148d741-9a1a-460c-979a-9371af00110a"
"d79b0909-4af8-4cd4-81c4-e993c9b2fc1d","2569f3a6-5da5-4baf-aed1-df01b5f58d1d"
"d79b0909-4af8-4cd4-81c4-e993c9b2fc1d","3661ddb8-1a58-4d21-b492-20be99508944"
"d79b0909-4af8-4cd4-81c4-e993c9b2fc1d","66653ce7-221a-40fc-b587-65fed7455a97"
"d79b0909-4af8-4cd4-81c4-e993c9b2fc1d","c4ae427b-32c5-4530-8852-149b4ee38b00"
"d79b0909-4af8-4cd4-81c4-e993c9b2fc1d","c63b803b-7a05-47ef-a8d1-059d3fa0fe45"
"d79b0909-4af8-4cd4-81c4-e993c9b2fc1d","d60dd203-9064-4a48-a7c4-48e9e8de73c5"
"d79b0909-4af8-4cd4-81c4-e993c9b2fc1d","f6fadb92-c4d3-4741-b348-d0d3fa3ace42"
"d79b0909-4af8-4cd4-81c4-e993c9b2fc1d","f83c4860-da33-42e1-ba7a-de468f60f6a6"
"d79b0909-4af8-4cd4-81c4-e993c9b2fc1d","fe30220a-eafa-4666-983e-46f85c21f132"
